StartDate,EndDate,Status,IPAddress,Progress,Duration (in seconds),Finished,RecordedDate,ResponseId,RecipientLastName,RecipientFirstName,RecipientEmail,ExternalReference,LocationLatitude,LocationLongitude,DistributionChannel,UserLanguage,p_ParticipantID,p_MLQ_1,p_MLQ_2,p_MLQ_3,p_MLQ_4,p_MLQ_5,p_MLQ_6,p_MLQ_7,p_MLQ_8,p_MLQ_9,p_WCS_1,p_WCS_2,p_WCS_3,p_WCS_4,p_WCS_5,p_WCS_6,p_WCS_7,p_WCS_8,p_WCS_9,p_WCS_10,p_WCS_11,p_WCS_12,p_WCS_13,p_WCS_14,p_WCS_15,p_WCS_16,p_WCS_17,p_WCS_18,p_WCS_19,p_WEMWBS_1,p_WEMWBS_2,p_WEMWBS_3,p_WEMWBS_4,p_WEMWBS_5,p_WEMWBS_6,p_WEMWBS_7,p_WEMWBS_8,p_WEMWBS_9,p_WEMWBS_10,p_WEMWBS_11,p_WEMWBS_12,p_WEMWBS_13,p_WEMWBS_14,p_FlourishingScale_1,p_FlourishingScale_2,p_FlourishingScale_3,p_FlourishingScale_4,p_FlourishingScale_5,p_FlourishingScale_6,p_FlourishingScale_7,p_FlourishingScale_8,p_VMM-1,p_VMM-2,p_VMM-3,p_VMM-4,p_VMM-5,p_VMM-6,p_VMM-7,p_VMM-Timing_First Click,p_VMM-Timing_Last Click,p_VMM-Timing_Page Submit,p_VMM-Timing_Click Count,p_VMM-Questions_1,p_VMM-Questions_5,p_PHQ_1,p_PHQ_2,p_PHQ_3,p_PHQ_4,p_PHQ_5,p_PHQ_6,p_PHQ_7,p_PHQ_8,p_PHQ_9,p_STAI_1,p_STAI_2,p_STAI_3,p_STAI_4,p_STAI_5,p_STAI_6,p_STAI_7,p_STAI_8,p_STAI_9,p_STAI_10,p_STAI_11,p_STAI_12,p_STAI_13,p_STAI_14,p_STAI_15,p_STAI_16,p_STAI_17,p_STAI_18,p_STAI_19,p_STAI_20,p_STAI_21,p_STAI_22,p_STAI_23,p_DAT_4,p_DAT_5,p_DAT_6,p_DAT_7,p_DAT_8,p_DAT_9,p_DAT_10,p_DAT_11,p_DAT_12,p_DAT_13,p_Dat-Timing_First Click,p_Dat-Timing_Last Click,p_Dat-Timing_Page Submit,p_Dat-Timing_Click Count,p_Modified-TAS_1,p_Modified-TAS_2,p_Modified-TAS_3,p_Modified-TAS_4,p_Modified-TAS_5,p_Modified-TAS_6,p_Modified-TAS_7,p_Modified-TAS_8,p_Modified-TAS_9,p_Modified-TAS_10,p_Modified-TAS_11,p_Modified-TAS_12,p_Modified-TAS_13,p_Modified-TAS_14,p_Modified-TAS_15,p_Modified-TAS_16,p_Modified-TAS_17,p_Modified-TAS_18,p_Modified-TAS_19,p_Modified-TAS_20,p_Modified-TAS_21,p_Modified-TAS_22,p_Modified-TAS_23,p_Modified-TAS_24,p_Modified-TAS_25,p_Modified-TAS_26,p_Modified-TAS_27,p_Modified-TAS_28,p_Modified-TAS_29,p_Modified-TAS_30,p_Modified-TAS_31,p_Modified-TAS_32,p_Modified-TAS_33,p_Modified-TAS_34,p_Guess,p_Condition
Start Date,End Date,Response Type,IP Address,Progress,Duration (in seconds),Finished,Recorded Date,Response ID,Recipient Last Name,Recipient First Name,Recipient Email,External Data Reference,Location Latitude,Location Longitude,Distribution Channel,User Language,Please enter your SONA ID,"Please take a moment to think about what makes your life and existence feel important and significant
to you. Please respond to the following statements as truthfully and accurately as you can, and also
please remember that these are very subjective questions and that there are no right or wrong
answers. Please answer according to the scale below: - I understand my life’s meaning.","Please take a moment to think about what makes your life and existence feel important and significant
to you. Please respond to the following statements as truthfully and accurately as you can, and also
please remember that these are very subjective questions and that there are no right or wrong
answers. Please answer according to the scale below: - I am looking for something that makes my life feel meaningful.","Please take a moment to think about what makes your life and existence feel important and significant
to you. Please respond to the following statements as truthfully and accurately as you can, and also
please remember that these are very subjective questions and that there are no right or wrong
answers. Please answer according to the scale below: - I am always looking to find my life’s purpose.","Please take a moment to think about what makes your life and existence feel important and significant
to you. Please respond to the following statements as truthfully and accurately as you can, and also
please remember that these are very subjective questions and that there are no right or wrong
answers. Please answer according to the scale below: - My life has a clear sense of purpose.","Please take a moment to think about what makes your life and existence feel important and significant
to you. Please respond to the following statements as truthfully and accurately as you can, and also
please remember that these are very subjective questions and that there are no right or wrong
answers. Please answer according to the scale below: - I have a good sense of what makes my life meaningful.","Please take a moment to think about what makes your life and existence feel important and significant
to you. Please respond to the following statements as truthfully and accurately as you can, and also
please remember that these are very subjective questions and that there are no right or wrong
answers. Please answer according to the scale below: - I have discovered a satisfying life purpose.","Please take a moment to think about what makes your life and existence feel important and significant
to you. Please respond to the following statements as truthfully and accurately as you can, and also
please remember that these are very subjective questions and that there are no right or wrong
answers. Please answer according to the scale below: - I am always searching for something that makes my life feel significant.","Please take a moment to think about what makes your life and existence feel important and significant
to you. Please respond to the following statements as truthfully and accurately as you can, and also
please remember that these are very subjective questions and that there are no right or wrong
answers. Please answer according to the scale below: - I am seeking a purpose or mission for my life.","Please take a moment to think about what makes your life and existence feel important and significant
to you. Please respond to the following statements as truthfully and accurately as you can, and also
please remember that these are very subjective questions and that there are no right or wrong
answers. Please answer according to the scale below: - I am searching for meaning in my life.","Reflecting on how you feel right now, please rate the following items on a scale from 'Absolutely untrue' to 'Absolutely true'. Please answer every item, even if you are unsure or feel the item is unclear or poorly worded. Answer according to the scale below: - I feel trapped in my mind","Reflecting on how you feel right now, please rate the following items on a scale from 'Absolutely untrue' to 'Absolutely true'. Please answer every item, even if you are unsure or feel the item is unclear or poorly worded. Answer according to the scale below: - My mind feels connected to my heart/emotion","Reflecting on how you feel right now, please rate the following items on a scale from 'Absolutely untrue' to 'Absolutely true'. Please answer every item, even if you are unsure or feel the item is unclear or poorly worded. Answer according to the scale below: - I feel connected to my senses (touch, taste, sight smell, hearing)","Reflecting on how you feel right now, please rate the following items on a scale from 'Absolutely untrue' to 'Absolutely true'. Please answer every item, even if you are unsure or feel the item is unclear or poorly worded. Answer according to the scale below: - I feel connected to a range of emotions","Reflecting on how you feel right now, please rate the following items on a scale from 'Absolutely untrue' to 'Absolutely true'. Please answer every item, even if you are unsure or feel the item is unclear or poorly worded. Answer according to the scale below: - If I choose to, I could ‘sit with’ painful memories","Reflecting on how you feel right now, please rate the following items on a scale from 'Absolutely untrue' to 'Absolutely true'. Please answer every item, even if you are unsure or feel the item is unclear or poorly worded. Answer according to the scale below: - I feel connected to my body","Reflecting on how you feel right now, please rate the following items on a scale from 'Absolutely untrue' to 'Absolutely true'. Please answer every item, even if you are unsure or feel the item is unclear or poorly worded. Answer according to the scale below: - I can fully experience emotion, whether positive or negative","Reflecting on how you feel right now, please rate the following items on a scale from 'Absolutely untrue' to 'Absolutely true'. Please answer every item, even if you are unsure or feel the item is unclear or poorly worded. Answer according to the scale below: - I feel alone","Reflecting on how you feel right now, please rate the following items on a scale from 'Absolutely untrue' to 'Absolutely true'. Please answer every item, even if you are unsure or feel the item is unclear or poorly worded. Answer according to the scale below: - I feel connected to friends and/or family","Reflecting on how you feel right now, please rate the following items on a scale from 'Absolutely untrue' to 'Absolutely true'. Please answer every item, even if you are unsure or feel the item is unclear or poorly worded. Answer according to the scale below: - I feel connected to a community","Reflecting on how you feel right now, please rate the following items on a scale from 'Absolutely untrue' to 'Absolutely true'. Please answer every item, even if you are unsure or feel the item is unclear or poorly worded. Answer according to the scale below: - I feel connected to all humanity","Reflecting on how you feel right now, please rate the following items on a scale from 'Absolutely untrue' to 'Absolutely true'. Please answer every item, even if you are unsure or feel the item is unclear or poorly worded. Answer according to the scale below: - I feel unwelcome amongst others","Reflecting on how you feel right now, please rate the following items on a scale from 'Absolutely untrue' to 'Absolutely true'. Please answer every item, even if you are unsure or feel the item is unclear or poorly worded. Answer according to the scale below: - I feel separate from the world around me","Reflecting on how you feel right now, please rate the following items on a scale from 'Absolutely untrue' to 'Absolutely true'. Please answer every item, even if you are unsure or feel the item is unclear or poorly worded. Answer according to the scale below: - I feel connected to a purpose in life","Reflecting on how you feel right now, please rate the following items on a scale from 'Absolutely untrue' to 'Absolutely true'. Please answer every item, even if you are unsure or feel the item is unclear or poorly worded. Answer according to the scale below: - I feel connected to nature","Reflecting on how you feel right now, please rate the following items on a scale from 'Absolutely untrue' to 'Absolutely true'. Please answer every item, even if you are unsure or feel the item is unclear or poorly worded. Answer according to the scale below: - I feel connected to a spiritual essence (in the secular or religious sense)","Reflecting on how you feel right now, please rate the following items on a scale from 'Absolutely untrue' to 'Absolutely true'. Please answer every item, even if you are unsure or feel the item is unclear or poorly worded. Answer according to the scale below: - I feel connected to a source of universal love","Reflecting on how you feel right now, please rate the following items on a scale from 'Absolutely untrue' to 'Absolutely true'. Please answer every item, even if you are unsure or feel the item is unclear or poorly worded. Answer according to the scale below: - I see things from a broad perspective, ‘the bigger picture’","Reflecting on how you feel right now, please rate the following items on a scale from 'Absolutely untrue' to 'Absolutely true'. Please answer every item, even if you are unsure or feel the item is unclear or poorly worded. Answer according to the scale below: - I feel that everything is interconnected","Below are some statements about feelings and thoughts.


Please select the answer that best describes your experience of each
over the last 2 weeks. - I've been feeling optimistic about the future","Below are some statements about feelings and thoughts.


Please select the answer that best describes your experience of each
over the last 2 weeks. - I've been feeling useful","Below are some statements about feelings and thoughts.


Please select the answer that best describes your experience of each
over the last 2 weeks. - I've been feeling relaxed","Below are some statements about feelings and thoughts.


Please select the answer that best describes your experience of each
over the last 2 weeks. - I've been feeling interested in other people","Below are some statements about feelings and thoughts.


Please select the answer that best describes your experience of each
over the last 2 weeks. - I've had energy to spare","Below are some statements about feelings and thoughts.


Please select the answer that best describes your experience of each
over the last 2 weeks. - I've been dealing with problems well","Below are some statements about feelings and thoughts.


Please select the answer that best describes your experience of each
over the last 2 weeks. - I've been thinking clearly","Below are some statements about feelings and thoughts.


Please select the answer that best describes your experience of each
over the last 2 weeks. - I've been feeling good about myself","Below are some statements about feelings and thoughts.


Please select the answer that best describes your experience of each
over the last 2 weeks. - I've been feeling close to other people","Below are some statements about feelings and thoughts.


Please select the answer that best describes your experience of each
over the last 2 weeks. - I've been feeling confident","Below are some statements about feelings and thoughts.


Please select the answer that best describes your experience of each
over the last 2 weeks. - I've been able to make up my mind about things","Below are some statements about feelings and thoughts.


Please select the answer that best describes your experience of each
over the last 2 weeks. - I've been feeling loved","Below are some statements about feelings and thoughts.


Please select the answer that best describes your experience of each
over the last 2 weeks. - I've been interested in new things","Below are some statements about feelings and thoughts.


Please select the answer that best describes your experience of each
over the last 2 weeks. - I've been feeling cheerful","Below are 8 statements with which you may agree or disagree. Using the 1–7 scale below,
indicate your agreement with each item by indicating that response for each statement. - I lead a purposeful and meaningful life","Below are 8 statements with which you may agree or disagree. Using the 1–7 scale below,
indicate your agreement with each item by indicating that response for each statement. - My social relationships are supportive and rewarding","Below are 8 statements with which you may agree or disagree. Using the 1–7 scale below,
indicate your agreement with each item by indicating that response for each statement. - I am engaged and interested in my daily activities","Below are 8 statements with which you may agree or disagree. Using the 1–7 scale below,
indicate your agreement with each item by indicating that response for each statement. - I actively contribute to the happiness and wellbeing of others","Below are 8 statements with which you may agree or disagree. Using the 1–7 scale below,
indicate your agreement with each item by indicating that response for each statement. - I am competent and capable in the activities that are important to me","Below are 8 statements with which you may agree or disagree. Using the 1–7 scale below,
indicate your agreement with each item by indicating that response for each statement. - I am a good person and live a good life","Below are 8 statements with which you may agree or disagree. Using the 1–7 scale below,
indicate your agreement with each item by indicating that response for each statement. - I am optimistic about my future","Below are 8 statements with which you may agree or disagree. Using the 1–7 scale below,
indicate your agreement with each item by indicating that response for each statement. - People respect me","What shapes, objects, and/or ideas do you see in this image? (freely describe)","What shapes, objects, and/or ideas do you see in this image? (freely describe)","What shapes, objects, and/or ideas do you see in this image? (freely describe)","What shapes, objects, and/or ideas do you see in this image? (freely describe)","What shapes, objects, and/or ideas do you see in this image? (freely describe)","What shapes, objects, and/or ideas do you see in this image? (freely describe)","What shapes, objects, and/or ideas do you see in this image? (freely describe)",Timing - First Click,Timing - Last Click,Timing - Page Submit,Timing - Click Count,"Click to write the question text - How difficult was it for you to think of the shapes, objects, and/or ideas you described? (0 is extremely easy and 10 is extremely difficult)",Click to write the question text - How meaningful were these images to you? (0 is completely meaningless and 10 is extremely meaningful),"Over the last two weeks, how often have you been bothered by any of the following problems? - Feeling down, depressed, irritable, or hopeless?","Over the last two weeks, how often have you been bothered by any of the following problems? - Little interest or pleasure in doing things?","Over the last two weeks, how often have you been bothered by any of the following problems? - Trouble falling asleep, staying asleep, or sleeping too much?","Over the last two weeks, how often have you been bothered by any of the following problems? - Poor appetite, weight loss, or overeating?","Over the last two weeks, how often have you been bothered by any of the following problems? - Feeling tired, or having little energy?","Over the last two weeks, how often have you been bothered by any of the following problems? - Feeling bad about yourself – or feeling that you are a failure, or that you have let yourself or your family down?","Over the last two weeks, how often have you been bothered by any of the following problems? - Trouble concentrating on things like school work, reading, or watching TV?","Over the last two weeks, how often have you been bothered by any of the following problems? - Moving or speaking so slowly that other people could have noticed? 



Or the opposite – being so fidgety or restless that you were moving around a lot more than usual?","Over the last two weeks, how often have you been bothered by any of the following problems? - Thoughts that you would be better off dead, or of hurting yourself in some way?","Read each statement and select the appropriate response to indicate how you feel
right now, that is, at this very moment. There are no right or wrong answers. Do not
spend too much time on any one statement but give the answer which seems to
describe your present feelings best. - I feel calm","Read each statement and select the appropriate response to indicate how you feel
right now, that is, at this very moment. There are no right or wrong answers. Do not
spend too much time on any one statement but give the answer which seems to
describe your present feelings best. - I feel secure","Read each statement and select the appropriate response to indicate how you feel
right now, that is, at this very moment. There are no right or wrong answers. Do not
spend too much time on any one statement but give the answer which seems to
describe your present feelings best. - I feel tense","Read each statement and select the appropriate response to indicate how you feel
right now, that is, at this very moment. There are no right or wrong answers. Do not
spend too much time on any one statement but give the answer which seems to
describe your present feelings best. - I feel strained","Read each statement and select the appropriate response to indicate how you feel
right now, that is, at this very moment. There are no right or wrong answers. Do not
spend too much time on any one statement but give the answer which seems to
describe your present feelings best. - I feel at ease","Read each statement and select the appropriate response to indicate how you feel
right now, that is, at this very moment. There are no right or wrong answers. Do not
spend too much time on any one statement but give the answer which seems to
describe your present feelings best. - I feel upset","Read each statement and select the appropriate response to indicate how you feel
right now, that is, at this very moment. There are no right or wrong answers. Do not
spend too much time on any one statement but give the answer which seems to
describe your present feelings best. - I am presently worrying over possible misfortunes","Read each statement and select the appropriate response to indicate how you feel
right now, that is, at this very moment. There are no right or wrong answers. Do not
spend too much time on any one statement but give the answer which seems to
describe your present feelings best. - I feel satisfied","Read each statement and select the appropriate response to indicate how you feel
right now, that is, at this very moment. There are no right or wrong answers. Do not
spend too much time on any one statement but give the answer which seems to
describe your present feelings best. - I feel frightened","Read each statement and select the appropriate response to indicate how you feel
right now, that is, at this very moment. There are no right or wrong answers. Do not
spend too much time on any one statement but give the answer which seems to
describe your present feelings best. - I feel uncomfortable","Read each statement and select the appropriate response to indicate how you feel
right now, that is, at this very moment. There are no right or wrong answers. Do not
spend too much time on any one statement but give the answer which seems to
describe your present feelings best. - I feel self-confident","Read each statement and select the appropriate response to indicate how you feel
right now, that is, at this very moment. There are no right or wrong answers. Do not
spend too much time on any one statement but give the answer which seems to
describe your present feelings best. - I feel nervous","Read each statement and select the appropriate response to indicate how you feel
right now, that is, at this very moment. There are no right or wrong answers. Do not
spend too much time on any one statement but give the answer which seems to
describe your present feelings best. - I feel jittery","Read each statement and select the appropriate response to indicate how you feel
right now, that is, at this very moment. There are no right or wrong answers. Do not
spend too much time on any one statement but give the answer which seems to
describe your present feelings best. - I feel indecisive","Read each statement and select the appropriate response to indicate how you feel
right now, that is, at this very moment. There are no right or wrong answers. Do not
spend too much time on any one statement but give the answer which seems to
describe your present feelings best. - I am relaxed","Read each statement and select the appropriate response to indicate how you feel
right now, that is, at this very moment. There are no right or wrong answers. Do not
spend too much time on any one statement but give the answer which seems to
describe your present feelings best. - I feel content","Read each statement and select the appropriate response to indicate how you feel
right now, that is, at this very moment. There are no right or wrong answers. Do not
spend too much time on any one statement but give the answer which seems to
describe your present feelings best. - I am worried","Read each statement and select the appropriate response to indicate how you feel
right now, that is, at this very moment. There are no right or wrong answers. Do not
spend too much time on any one statement but give the answer which seems to
describe your present feelings best. - I feel confused","Read each statement and select the appropriate response to indicate how you feel
right now, that is, at this very moment. There are no right or wrong answers. Do not
spend too much time on any one statement but give the answer which seems to
describe your present feelings best. - I feel steady","Read each statement and select the appropriate response to indicate how you feel
right now, that is, at this very moment. There are no right or wrong answers. Do not
spend too much time on any one statement but give the answer which seems to
describe your present feelings best. - I feel pleasant","Read each statement and select the appropriate response to indicate how you feel
right now, that is, at this very moment. There are no right or wrong answers. Do not
spend too much time on any one statement but give the answer which seems to
describe your present feelings best. - I feel sad","Read each statement and select the appropriate response to indicate how you feel
right now, that is, at this very moment. There are no right or wrong answers. Do not
spend too much time on any one statement but give the answer which seems to
describe your present feelings best. - I feel optimistic","Read each statement and select the appropriate response to indicate how you feel
right now, that is, at this very moment. There are no right or wrong answers. Do not
spend too much time on any one statement but give the answer which seems to
describe your present feelings best. - I feel disconnected","Instructions
Please enter 10 words that are as different from each other as possible, in all meanings and uses of the words.

 
Rules


	Only single words in English.
	Only nouns (e.g., things, objects, concepts).
	No proper nouns (e.g., no specific people or places).
	No specialised vocabulary (e.g., no technical terms).
	Think of the words on your own (e.g., do not just look at objects in your surroundings).



You have up to 3 minutes to do this - 1.","Instructions
Please enter 10 words that are as different from each other as possible, in all meanings and uses of the words.

 
Rules


	Only single words in English.
	Only nouns (e.g., things, objects, concepts).
	No proper nouns (e.g., no specific people or places).
	No specialised vocabulary (e.g., no technical terms).
	Think of the words on your own (e.g., do not just look at objects in your surroundings).



You have up to 3 minutes to do this - 2.","Instructions
Please enter 10 words that are as different from each other as possible, in all meanings and uses of the words.

 
Rules


	Only single words in English.
	Only nouns (e.g., things, objects, concepts).
	No proper nouns (e.g., no specific people or places).
	No specialised vocabulary (e.g., no technical terms).
	Think of the words on your own (e.g., do not just look at objects in your surroundings).



You have up to 3 minutes to do this - 3.","Instructions
Please enter 10 words that are as different from each other as possible, in all meanings and uses of the words.

 
Rules


	Only single words in English.
	Only nouns (e.g., things, objects, concepts).
	No proper nouns (e.g., no specific people or places).
	No specialised vocabulary (e.g., no technical terms).
	Think of the words on your own (e.g., do not just look at objects in your surroundings).



You have up to 3 minutes to do this - 4.","Instructions
Please enter 10 words that are as different from each other as possible, in all meanings and uses of the words.

 
Rules


	Only single words in English.
	Only nouns (e.g., things, objects, concepts).
	No proper nouns (e.g., no specific people or places).
	No specialised vocabulary (e.g., no technical terms).
	Think of the words on your own (e.g., do not just look at objects in your surroundings).



You have up to 3 minutes to do this - 5.","Instructions
Please enter 10 words that are as different from each other as possible, in all meanings and uses of the words.

 
Rules


	Only single words in English.
	Only nouns (e.g., things, objects, concepts).
	No proper nouns (e.g., no specific people or places).
	No specialised vocabulary (e.g., no technical terms).
	Think of the words on your own (e.g., do not just look at objects in your surroundings).



You have up to 3 minutes to do this - 6.","Instructions
Please enter 10 words that are as different from each other as possible, in all meanings and uses of the words.

 
Rules


	Only single words in English.
	Only nouns (e.g., things, objects, concepts).
	No proper nouns (e.g., no specific people or places).
	No specialised vocabulary (e.g., no technical terms).
	Think of the words on your own (e.g., do not just look at objects in your surroundings).



You have up to 3 minutes to do this - 7.","Instructions
Please enter 10 words that are as different from each other as possible, in all meanings and uses of the words.

 
Rules


	Only single words in English.
	Only nouns (e.g., things, objects, concepts).
	No proper nouns (e.g., no specific people or places).
	No specialised vocabulary (e.g., no technical terms).
	Think of the words on your own (e.g., do not just look at objects in your surroundings).



You have up to 3 minutes to do this - 8.","Instructions
Please enter 10 words that are as different from each other as possible, in all meanings and uses of the words.

 
Rules


	Only single words in English.
	Only nouns (e.g., things, objects, concepts).
	No proper nouns (e.g., no specific people or places).
	No specialised vocabulary (e.g., no technical terms).
	Think of the words on your own (e.g., do not just look at objects in your surroundings).



You have up to 3 minutes to do this - 9.","Instructions
Please enter 10 words that are as different from each other as possible, in all meanings and uses of the words.

 
Rules


	Only single words in English.
	Only nouns (e.g., things, objects, concepts).
	No proper nouns (e.g., no specific people or places).
	No specialised vocabulary (e.g., no technical terms).
	Think of the words on your own (e.g., do not just look at objects in your surroundings).



You have up to 3 minutes to do this - 10.",Timing - First Click,Timing - Last Click,Timing - Page Submit,Timing - Click Count,How frequently is each of the following statements true of your experience? - I feel and experience things as I did when I was a child,How frequently is each of the following statements true of your experience? - I am greatly moved by eloquent or poetic language,"How frequently is each of the following statements true of your experience? - While watching a movie or a TV show, I become so involved that I forget about myself and my surroundings and experience the story as if it were real and as if I were taking part in it","How frequently is each of the following statements true of your experience? - If I stare at a picture and then look away from it, I can ""see"" an image of the picture, almost as if I were still looking at it",How frequently is each of the following statements true of your experience? - I feel as if my mind could envelop the whole earth,How frequently is each of the following statements true of your experience? - I like to watch cloud shapes in the sky,"How frequently is each of the following statements true of your experience? - If I wish, I imagine (or daydream) some things so vividly that they hold my attention as a good movie or a story does",How frequently is each of the following statements true of your experience? - I think I really know what some people mean when they talk about mystical experiences,"How frequently is each of the following statements true of your experience? - I ""step outside"" my usual self and experience an entirely different state of being","How frequently is each of the following statements true of your experience? - Textures—such as wool, sand, wood—remind me of colors or music",How frequently is each of the following statements true of your experience? - I experience things as if they were doubly real,"How frequently is each of the following statements true of your experience? - When I listen to music, I get so caught up in it that I don't notice anything else","How frequently is each of the following statements true of your experience? - If I wish, I can imagine that my whole body is so heavy that I could not move it if I wanted to",How frequently is each of the following statements true of your experience? - I can somehow sense the presence of another person before I actually see or hear them,How frequently is each of the following statements true of your experience? - The crackle and flames of a woodfire stimulates my imagination,How frequently is each of the following statements true of your experience? - It is possible for me to be completely immersed in nature or art and to feel as if my whole state of consciousness has somehow been temporarily altered,How frequently is each of the following statements true of your experience? - Different colors have distinctive and special meanings for me,"How frequently is each of the following statements true of your experience? - I am able to wander off into my own thought while doing a routine task and actually forget that I am doing the task, and then find a few minutes later that I have completed it",How frequently is each of the following statements true of your experience? - I recollect certain past experiences in my life with such clarity and vividness that it is like almost like living them again,How frequently is each of the following statements true of your experience? - Things that might seem meaningless to others often make sense to me,"How frequently is each of the following statements true of your experience? - While acting, I think I would really feel the emotions of the character and ""become"" them for the time being, forgetting both myself and the audience",How frequently is each of the following statements true of your experience? - My thoughts do not occur as words but as visual images,How frequently is each of the following statements true of your experience? - I take delight in small things (like the five pointed star shape that appears when you cut an apple across the core or the colors in soap bubbles),"How frequently is each of the following statements true of your experience? - When listening to organ music or other powerful music, I feel as if I am being lifted into the air",How frequently is each of the following statements true of your experience? - I can change noise into music by the way I listen to it,How frequently is each of the following statements true of your experience? - Some of my most vivid memories are called up by scents and smells,How frequently is each of the following statements true of your experience? - Certain pieces of music remind me of pictures or moving patterns of color,How frequently is each of the following statements true of your experience? - I know what someone is going to say before they say it,"How frequently is each of the following statements true of your experience? - I have ""physical memories""; for example, after I have been swimming I may still feel as if I am in the water",How frequently is each of the following statements true of your experience? - The sound of a voice can be so fascinating to me that I can just go on listening to it,How frequently is each of the following statements true of your experience? - I somehow feel the presence of someone who is not physically there,How frequently is each of the following statements true of your experience? - Thoughts and images come to me without the slightest effort on my part,How frequently is each of the following statements true of your experience? - I find that different odors have different colors,How frequently is each of the following statements true of your experience? - I can be deeply moved by a sunset,"If you had to guess, what do you think this experiment is about, generally? (1-2 sentences is fine!)","When you did the VR experience, were you in the trippy hallway with all the patterns and music or in the car factory with robot arms?"
"{""ImportId"":""startDate"",""timeZone"":""America/Los_Angeles""}","{""ImportId"":""endDate"",""timeZone"":""America/Los_Angeles""}","{""ImportId"":""status""}","{""ImportId"":""ipAddress""}","{""ImportId"":""progress""}","{""ImportId"":""duration""}","{""ImportId"":""finished""}","{""ImportId"":""recordedDate"",""timeZone"":""America/Los_Angeles""}","{""ImportId"":""_recordId""}","{""ImportId"":""recipientLastName""}","{""ImportId"":""recipientFirstName""}","{""ImportId"":""recipientEmail""}","{""ImportId"":""externalDataReference""}","{""ImportId"":""locationLatitude""}","{""ImportId"":""locationLongitude""}","{""ImportId"":""distributionChannel""}","{""ImportId"":""userLanguage""}","{""ImportId"":""QID106_TEXT""}","{""ImportId"":""QID121_4""}","{""ImportId"":""QID121_5""}","{""ImportId"":""QID121_6""}","{""ImportId"":""QID121_7""}","{""ImportId"":""QID121_8""}","{""ImportId"":""QID121_9""}","{""ImportId"":""QID121_10""}","{""ImportId"":""QID121_11""}","{""ImportId"":""QID121_12""}","{""ImportId"":""QID122_1""}","{""ImportId"":""QID122_2""}","{""ImportId"":""QID122_3""}","{""ImportId"":""QID122_4""}","{""ImportId"":""QID122_5""}","{""ImportId"":""QID122_6""}","{""ImportId"":""QID122_7""}","{""ImportId"":""QID122_8""}","{""ImportId"":""QID122_19""}","{""ImportId"":""QID122_20""}","{""ImportId"":""QID122_21""}","{""ImportId"":""QID122_22""}","{""ImportId"":""QID122_23""}","{""ImportId"":""QID122_24""}","{""ImportId"":""QID122_25""}","{""ImportId"":""QID122_26""}","{""ImportId"":""QID122_27""}","{""ImportId"":""QID122_28""}","{""ImportId"":""QID122_29""}","{""ImportId"":""QID184_1""}","{""ImportId"":""QID184_2""}","{""ImportId"":""QID184_3""}","{""ImportId"":""QID184_4""}","{""ImportId"":""QID184_5""}","{""ImportId"":""QID184_6""}","{""ImportId"":""QID184_7""}","{""ImportId"":""QID184_8""}","{""ImportId"":""QID184_9""}","{""ImportId"":""QID184_10""}","{""ImportId"":""QID184_11""}","{""ImportId"":""QID184_12""}","{""ImportId"":""QID184_13""}","{""ImportId"":""QID184_14""}","{""ImportId"":""QID185_1""}","{""ImportId"":""QID185_2""}","{""ImportId"":""QID185_3""}","{""ImportId"":""QID185_4""}","{""ImportId"":""QID185_5""}","{""ImportId"":""QID185_6""}","{""ImportId"":""QID185_7""}","{""ImportId"":""QID185_8""}","{""ImportId"":""QID201_TEXT""}","{""ImportId"":""QID202_TEXT""}","{""ImportId"":""QID203_TEXT""}","{""ImportId"":""QID204_TEXT""}","{""ImportId"":""QID205_TEXT""}","{""ImportId"":""QID206_TEXT""}","{""ImportId"":""QID207_TEXT""}","{""ImportId"":""QID208_FIRST_CLICK""}","{""ImportId"":""QID208_LAST_CLICK""}","{""ImportId"":""QID208_PAGE_SUBMIT""}","{""ImportId"":""QID208_CLICK_COUNT""}","{""ImportId"":""QID209_1""}","{""ImportId"":""QID209_5""}","{""ImportId"":""QID120_1""}","{""ImportId"":""QID120_2""}","{""ImportId"":""QID120_3""}","{""ImportId"":""QID120_4""}","{""ImportId"":""QID120_5""}","{""ImportId"":""QID120_6""}","{""ImportId"":""QID120_8""}","{""ImportId"":""QID120_10""}","{""ImportId"":""QID120_11""}","{""ImportId"":""QID190_1""}","{""ImportId"":""QID190_2""}","{""ImportId"":""QID190_3""}","{""ImportId"":""QID190_4""}","{""ImportId"":""QID190_5""}","{""ImportId"":""QID190_6""}","{""ImportId"":""QID190_7""}","{""ImportId"":""QID190_8""}","{""ImportId"":""QID190_9""}","{""ImportId"":""QID190_10""}","{""ImportId"":""QID190_11""}","{""ImportId"":""QID190_12""}","{""ImportId"":""QID190_13""}","{""ImportId"":""QID190_14""}","{""ImportId"":""QID190_15""}","{""ImportId"":""QID190_16""}","{""ImportId"":""QID190_17""}","{""ImportId"":""QID190_18""}","{""ImportId"":""QID190_19""}","{""ImportId"":""QID190_35""}","{""ImportId"":""QID190_36""}","{""ImportId"":""QID190_37""}","{""ImportId"":""QID190_38""}","{""ImportId"":""QID115_4""}","{""ImportId"":""QID115_5""}","{""ImportId"":""QID115_6""}","{""ImportId"":""QID115_7""}","{""ImportId"":""QID115_8""}","{""ImportId"":""QID115_9""}","{""ImportId"":""QID115_10""}","{""ImportId"":""QID115_11""}","{""ImportId"":""QID115_12""}","{""ImportId"":""QID115_13""}","{""ImportId"":""QID125_FIRST_CLICK""}","{""ImportId"":""QID125_LAST_CLICK""}","{""ImportId"":""QID125_PAGE_SUBMIT""}","{""ImportId"":""QID125_CLICK_COUNT""}","{""ImportId"":""QID183_1""}","{""ImportId"":""QID183_2""}","{""ImportId"":""QID183_3""}","{""ImportId"":""QID183_4""}","{""ImportId"":""QID183_5""}","{""ImportId"":""QID183_6""}","{""ImportId"":""QID183_7""}","{""ImportId"":""QID183_8""}","{""ImportId"":""QID183_9""}","{""ImportId"":""QID183_10""}","{""ImportId"":""QID183_11""}","{""ImportId"":""QID183_12""}","{""ImportId"":""QID183_13""}","{""ImportId"":""QID183_14""}","{""ImportId"":""QID183_15""}","{""ImportId"":""QID183_16""}","{""ImportId"":""QID183_17""}","{""ImportId"":""QID183_18""}","{""ImportId"":""QID183_19""}","{""ImportId"":""QID183_20""}","{""ImportId"":""QID183_21""}","{""ImportId"":""QID183_22""}","{""ImportId"":""QID183_23""}","{""ImportId"":""QID183_24""}","{""ImportId"":""QID183_25""}","{""ImportId"":""QID183_26""}","{""ImportId"":""QID183_27""}","{""ImportId"":""QID183_28""}","{""ImportId"":""QID183_29""}","{""ImportId"":""QID183_30""}","{""ImportId"":""QID183_31""}","{""ImportId"":""QID183_32""}","{""ImportId"":""QID183_33""}","{""ImportId"":""QID183_34""}","{""ImportId"":""QID218_TEXT""}","{""ImportId"":""QID217""}"
2024-04-10 12:57:11,2024-04-10 13:19:54,0,169.236.78.21,100,1362,1,2024-04-10 13:19:54,R_2osms0OAlUHTqN3,,,,,37.2972,-120.4639,anonymous,EN,84961,6,4,7,7,7,6,7,7,6,2,7,7,6,3,6,7,1,7,7,6,1,3,7,5,5,6,6,7,4,5,3,2,3,3,3,5,5,4,5,5,4,4,7,7,6,7,7,7,7,6,lake of colors,"Circles, a sun and a moon, yin and yang","circles, shadows","circles, lines, darkness","spheres, human head, wavy lines","butterfly near the top, circles","circles, lines, a bird eye on the top left",8.871,527.882,527.893,10,5,4,1,2,2,1,2,1,2,1,1,3,4,2,1,2,1,3,4,1,1,3,3,1,1,3,3,3,1,3,4,1,4,1,tree,building,shoe,laptop,backpack,pencil,clouds,sleep,smile,frown,1.523,149.339,149.346,14,1,4,1,1,1,4,2,1,1,1,1,5,1,2,1,2,2,4,3,2,1,4,2,1,2,5,2,3,2,2,1,3,2,5,,1
2024-04-10 17:47:20,2024-04-10 18:45:41,0,108.193.204.178,100,3501,1,2024-04-10 18:45:43,R_3JtqizWBiNI7d3v,,,,,37.2972,-120.4639,anonymous,EN,81214,6,5,5,5,5,5,2,3,4,2,6,7,6,1,6,6,2,5,1,1,2,2,6,7,6,6,5,7,4,4,3,1,3,4,3,4,3,3,3,4,2,3,6,4,5,5,5,4,7,5,This image reminds me of a fire hydrant with colors as the water. The different colors makes me think of silly and bright ideas.,This looks like a snake but from up close so it looks massive. It’s a yellow and black python.,I see a fish leaning in to bite someone’s arm. The two big dots on the side look like a fish’s eye.,I see a hand giving a thumbs up,"This looks like a pigeon with rivers, space, planets, stars.",I see an alien head looking straight at me. It’s got evil eyes and a big head.,This looks like an up close image of a lizard chilling on a stem with a big green leaf in the back that has a whole in it. You could see the lizards body through the circles that form it. Its front legs are hanging on the branch and you can see the tentacle looking legs.,29.285,2255.773,2255.79,13,3.5,1,1,1,2,2,2,1,2,1,1,2,2,1,1,2,1,1,3,1,2,2,1,1,1,3,4,1,1,3,3,2,3,1,Bonnet,Friend,Church,Cherry,Elephants,Laundry,Beach,coconut,School,Dad,8.798,96.113,96.121,11,4,2,2,3,1,4,3,5,2,1,2,2,2,1,2,2,3,3,4,4,3,3,3,2,2,5,4,3,2,1,1,3,1,4,"How people answer questions differently based on the environment that they’re in. ",2
2024-04-11 21:21:48,2024-04-11 21:47:50,0,169.236.40.69,100,1561,1,2024-04-11 21:47:51,R_2aCAdzmwy0xQIXM,,,,,37.3131,-120.4822,anonymous,EN,86728,5,5,7,5,5,4,4,7,5,3,5,5,5,7,5,5,1,6,3,2,2,2,5,2,1,1,5,5,4,4,3,3,3,4,4,3,3,3,3,2,2,4,5,5,5,5,4,5,6,5,smoke stack of colors,a desert on an alien planet (like dune),"stormclouds ","feathers falling from a crow ",a figure dancing in a black dress,"an orchid mantis ",plant flowing up from the ground,4.254,86.698,86.7,8,0,1.5,1,1,3,2,1,2,2,1,1,4,2,1,1,3,1,1,2,1,1,1,1,1,1,4,3,1,1,1,2,1,1,2,shower,waterfall,bird,chicken,dumpling,soup,fireplace,marshmallows,friend,stars,0.887,60.917,60.919,2,2,3,2,3,2,5,3,1,2,1,2,3,1,4,4,3,3,2,2,3,3,4,2,4,3,2,2,3,2,2,3,5,3,3,"the effects of visual and physical stimulation on the sympathetic nervous system. My assumption: trying to see if such a combination of visual and physical stimualtion has a longer lasting high impact effect on the reduction of cortisol comapred to traditional therapy. ",1
2024-04-12 12:15:51,2024-04-12 12:32:39,0,169.236.78.23,100,1007,1,2024-04-12 12:32:40,R_6Bhfz50v8l3U7Bv,,,,,37.2972,-120.4639,anonymous,EN,83716,3,5,4,3,5,5,5,4,5,5,6,5,6,6,4,7,5,4,3,2,5,4,3,3,3,4,3,5,3,3,3,3,2,4,3,2,3,2,3,3,3,3,5,5,5,4,6,4,5,5,"It looks like creativity, a large colorful blob growing","It looks like waking up, the in between sleep and being awake","It looks like distress, just lines and blobs going everywhere","It looks like being in the middle of work, its isolated but put together","It looks like the storm before calm, its everywhere but soft","It looks like intelligence, its symmetrical and carefully put together","It looks like freedom, a calming color that looks like its flying",3.854,190.79,190.808,12,0.9,7.8,1,1,1,2,2,2,1,1,1,2,2,2,1,2,1,2,3,1,1,2,2,1,2,2,3,2,1,2,3,2,3,1,Work,School,Homework,Clothes,Shoes,Car,Chair,Computer,Videos,Audio,1.15,60.76,60.772,17,2,3,2,4,2,2,3,2,3,3,3,2,3,3,2,3,3,4,3,3,4,3,3,2,2,5,4,4,4,3,2,4,4,2,Understanding connection to the self and the world,1
2024-04-12 12:35:52,2024-04-12 12:46:50,0,169.236.78.23,100,658,1,2024-04-12 12:46:51,R_7xxYMrN52GxLkuT,,,,,37.2972,-120.4639,anonymous,EN,86812,5,5,5,5,6,5,3,5,6,5,5,5,6,5,5,3,5,4,5,5,6,3,5,2,4,6,5,4,4,4,3,4,3,4,3,4,4,4,4,4,3,3,6,6,6,6,6,6,6,6,Colorful Tornado,Rising Sun,Landscape greyscale,Dementor,World without Sun,Alien Predator,Ghost Buster green ghost,11.565,170.248,170.259,16,6,2.9,1,1,1,2,2,1,2,1,1,2,2,2,1,2,1,1,2,1,1,4,1,3,3,2,2,1,1,2,3,1,3,2,Brandy,Reading,Triangle,Erika,Reindeer,Webcam,Questioning,Turnips,Youtube,Pollyanna,1.716,90.353,90.361,11,3,4,3,3,2,3,4,2,3,2,3,4,3,3,3,3,3,2,2,3,4,3,3,2,3,3,3,3,3,3,3,3,3,3,Creativity and Wellness Enhancement through VR,1
2024-04-12 12:36:22,2024-04-12 12:53:00,0,169.236.78.25,100,997,1,2024-04-12 12:53:01,R_5prr9TqzkosutvX,,,,,37.2972,-120.4639,anonymous,EN,86791,7,4,5,7,7,7,2,2,2,4,5,6,7,6,7,7,2,7,6,7,2,2,6,5,7,4,3,3,5,4,4,2,2,3,4,2,4,4,4,4,5,2,6,6,4,6,5,4,5,6,"I see this image as something cheerful and optimistic . Looking at all the bright colors makes me feel content. ","This image feels liberating to me in some way. The colors seem to be mixing well and it's just peaceful. ","This makes me feel like something is getting overwhelmed and drowning in it. ",This image reminds me of when life just hits you hard and it feels like a big blow to your chest.,"I see a lot of spheres, with a lot of strokes that seem to cover the spheres. ",This image also feels overwhelming. It seems like there's two figures where one is overpowering the other.,This reminds me of lettuce or something splashing into some water.,36.832,451.128,451.138,15,2.1,6.6,3,1,3,2,4,2,4,1,2,2,2,1,2,2,3,2,2,1,2,2,2,3,3,2,3,3,2,1,3,3,2,1,plant,space,darkness,empty,chair,paper,cologne,scribble,"sponge ",duck,2.316,111.277,111.282,13,4,5,5,4,1,5,5,3,2,2,2,5,2,5,2,3,4,4,5,5,2,2,5,4,4,4,5,4,4,5,2,5,2,5,"I think it's how people connect colors with meanings, or physical experiences with spiritual ones :). ",1
2024-04-13 13:22:40,2024-04-13 13:51:59,0,73.185.62.99,96,1758,0,2024-04-14 13:52:01,R_210wE0S1NNodPAN,,,,,,,anonymous,EN,84412,4,6,4,4,4,3,5,7,5,5,5,3,5,5,5,5,3,5,5,5,3,5,4,7,5,5,6,6,5,3,3,2,2,3,3,4,3,4,3,3,3,4,4,5,4,4,5,5,6,4,"fun, childhood, running, messy, rising, playground ","sunny, beach, hallow, climbing ","mountains, far view, clouds, twilight  ","cycle, school of fish, paint, splash ","ocean, bubbles, link, waves, ","person, power, queen, leaf ","bloom, growth, nature, plant cells",4.596,254.055,254.064,14,5,5,2,2,3,2,2,1,2,2,1,3,1,3,1,1,2,2,2,2,3,2,1,1,3,2,2,3,1,2,2,1,1,2,tired,procrastinate,"annoyed ",pets,noise,work,research,"emails ",summer,"sleep ",2.159,78.145,78.152,19,3,4,3,3,2,5,5,5,4,2,3,3,3,4,4,5,3,5,3,5,3,5,4,5,4,3,3,3,2,3,2,3,2,5,"I believe this experiment revolves around mental health and the different perceptives in life that can occur when our view of life is altered ",2
2024-04-15 12:29:42,2024-04-15 12:42:06,0,67.166.132.10,100,744,1,2024-04-15 12:42:08,R_3uwiBqaTacAesj2,,,,,37.2972,-120.4639,anonymous,EN,84790,7,3,6,6,7,6,5,3,3,5,5,6,6,2,6,5,3,6,6,2,2,5,7,7,6,6,6,7,5,4,4,3,4,3,4,4,4,4,4,4,4,4,6,6,6,6,6,6,7,5,a colorful lava lamp,a sun against mountains,"something slamming into an object, like a veiny arm/hand/fist into something (not someone)",water or wind swooshing,"planets and a milky way, like the asteroid belt","a web, spider?","again like a green web of something, i actually see a villian's eye, where the white bean looking thing is upper left",8.375,174.443,174.451,9,8.2,0.3,1,1,2,1,2,1,2,2,1,4,4,1,1,4,1,1,4,1,1,3,1,1,2,4,4,1,2,2,4,1,4,1,life,meal,opportunity,carnival,picture,freedom,ant,time,focus,present,1.296,62.045,62.051,17,2,2,2,3,1,5,3,2,1,2,3,5,1,3,4,2,1,2,3,3,2,1,5,1,3,5,3,3,2,2,3,3,3,4,"this is hard, i would say maybe a research on how well people can immerse themselves into fake/mystical scenes?",2
2024-04-15 14:22:35,2024-04-15 14:48:30,0,169.236.78.25,100,1555,1,2024-04-15 14:48:31,R_3v4tTnAK6jXSOn7,,,,,37.2972,-120.4639,anonymous,EN,80365,4,4,6,4,4,4,4,4,3,5,4,4,4,5,3,4,3,6,4,4,2,4,4,5,4,4,4,4,2,2,3,1,2,5,3,2,5,3,3,3,5,2,4,5,6,5,7,4,7,5,"rainbow, oval, ","circle, sunset","hurricane, circle","flower, circle","circle, water","devil, circles, ovals","circle, splash of water",1.617,80.054,80.057,14,7.9,3.4,1,1,2,2,2,2,1,4,1,2,3,3,1,2,3,3,1,1,1,2,2,1,3,1,1,1,1,1,1,1,1,1,red,tip,eye,boo,see,pen,key,pin,ear,lip,1.124,80.117,80.119,13,1,1,3,2,1,5,3,1,1,1,1,3,2,1,1,2,2,3,1,2,1,2,3,1,5,1,2,2,1,1,2,2,1,4,I was reall interesting and relaxing,2
2024-04-15 16:14:38,2024-04-15 16:25:42,0,169.236.78.25,100,663,1,2024-04-15 16:25:43,R_7gZv7Ou3S9UPI8p,,,,,37.2972,-120.4639,anonymous,EN,81154,5,5,5,5,5,5,5,7,5,5,5,5,5,6,5,7,2,5,5,6,2,2,5,5,5,5,5,7,4,4,4,4,3,3,3,4,4,4,3,4,4,4,6,6,6,6,6,6,6,6,"Big fluid happiness, all encompassing emotion, strong, powerful. ","Weird intertwining of colors, mixing in weird ways, unsettling, but interesting. Its like a waterfall, flowing down from mountains above. ","mountains and clouds, dreary thoughts, depth like a real life scene. ","Fluidity, motion, a dance, excitement","Structured enjoyment of the space. Purposeful messes. ","This feels like someone looking at me. It feels like really intense, things are being pulled apart, things are growing in the space. ",This looks like a plant growing upwards. Its like an explosion of controlled chaos with a goal in mind to take up space and get out there,2.191,196.693,196.7,8,4.8,3.6,1,1,1,1,2,1,2,1,1,4,4,3,2,3,1,1,3,1,1,3,1,3,3,3,3,1,1,3,4,1,3,1,paper,turtle,cloud,glass,dirt,blouse,food,frog,star,space,0.854,61.547,61.552,11,3,4,2,4,1,5,3,2,3,2,3,3,1,2,4,3,3,5,4,3,2,2,5,2,2,3,3,5,5,5,2,4,2,3,"how does the Vr experience influence your perceptions about mystical things or your connections to the earth / people/ yourself. ",1
2024-04-15 12:14:14,2024-04-15 12:30:18,0,169.236.78.20,96,963,0,2024-04-16 12:47:18,R_7916v252wD2vsxy,,,,,,,anonymous,EN,83539,3,5,5,4,6,4,5,5,5,5,4,5,3,5,6,3,5,6,5,3,3,3,4,5,5,5,6,5,4,2,2,4,3,4,3,2,3,4,3,4,3,3,4,4,5,4,4,5,4,4,colorful and happy,bridge,sad,feathers,planets crashing,"two faces, evil, mean",splash,5.438,87.16,87.174,8,10,0.7,1,3,2,3,2,3,4,2,2,3,2,2,2,2,1,3,2,2,2,2,2,2,3,2,2,2,2,2,2,2,2,2,chair,girl,book,apple,cat,car,beach,stool,phone,glasses,4.401,64.653,64.663,14,3,2,2,2,1,5,4,2,2,1,1,2,3,1,4,1,2,3,2,2,1,1,2,4,4,5,3,1,1,3,1,1,1,5,intuition and emotionally awareness--,2
2024-04-16 15:11:47,2024-04-16 15:36:55,0,169.236.78.23,100,1508,1,2024-04-16 15:36:56,R_1uIvUgjo0ftk28V,,,,,37.2972,-120.4639,anonymous,EN,78778,4,6,7,4,2,2,5,6,6,6,7,7,7,6,4,5,7,5,6,5,4,4,4,5,1,4,4,6,3,3,3,3,3,3,3,3,3,3,3,3,4,3,3,6,5,5,4,6,4,4,"Flower ","Art, woman falling ","A top hat, duck face ","Pringles ","Balls hitting/falling in paint ","Dragon head ","Snake ",6.737,118.619,118.633,9,2.8,4,3,2,4,2,3,2,2,4,1,3,3,3,2,2,1,1,3,1,2,2,1,2,2,3,3,1,2,2,2,2,1,2,"Music ",Video game,"Woman ","Shirt ",Dots,"Fan ","Water bottle ","Light ",Stick,"Keys ",1.225,76.534,76.548,11,2,4,2,3,3,4,4,2,1,1,2,5,1,2,3,2,2,3,3,3,5,1,3,3,2,3,1,1,5,5,2,2,1,3,"Some sort of spiritual awakening or consciousness. ",2
2024-04-18 12:34:28,2024-04-18 12:43:57,0,169.236.78.22,100,569,1,2024-04-18 12:43:58,R_55ezXigQ2T2QjJL,,,,,37.2972,-120.4639,anonymous,EN,85201,4,3,4,3,5,4,4,5,5,3,4,5,6,5,5,5,6,4,3,5,6,4,4,6,4,5,3,5,3,3,3,4,3,4,3,4,3,3,4,4,4,3,4,5,2,4,3,4,5,3,A really colorful piece of lettuce that may or may not be poisonous.,A wasp that has been dipped in paint,Shadowy figures erupting from the ground,Vanilla Milkshake dosed with squid ink,Chocolate milkshake thats been shaken up too many times,Weird bug from that space bug movie with Neil Patrick Harrison.,Ryan Renolds from the Green Lantern movie,3.078,190.674,190.682,12,6.9,7.4,3,3,2,2,3,2,3,3,3,3,2,3,3,2,3,3,3,2,3,2,3,3,2,3,2,3,3,2,2,3,3,3,Ball,Troubleshoot manuel,Potato soup,Gum,Goose,Feet,Baseball Glove,Cheetos,Salmon,Shopkeeper,0.956,81.122,81.132,11,4,3,4,3,4,4,3,3,3,4,2,4,3,3,3,3,3,4,4,3,2,2,4,4,3,4,4,4,4,3,3,3,2,4,Very interesting and fun! I had a blast doing it.,2
2024-04-18 15:15:24,2024-04-18 15:41:05,0,169.236.78.25,100,1540,1,2024-04-18 15:41:06,R_21vUZjNzHJPUsUY,,,,,37.2972,-120.4639,anonymous,EN,85819,6,3,3,6,7,7,7,3,5,5,5,5,5,5,5,5,5,4,2,3,3,5,5,5,1,3,7,6,3,3,5,4,3,3,3,4,2,4,4,2,3,3,6,4,3,4,5,5,5,4,Colorful Tree similar to the art style of Nujabes,Ford Camaro Bumblebee from Transformers,Hills and valleys in the shadows,A black crow transforming into abstract art,Planet and space but everything is black and white,Spinach preying mantis queen,dark broccoli and spinach leaves,1.997,136.601,136.603,12,2.3,2.5,2,1,1,1,3,1,3,1,1,4,3,1,2,4,2,1,3,1,1,4,1,1,1,4,3,1,1,3,3,1,3,1,Jupiter,Spinach,Tube,Turnip,Cauliflower,Expression,Background,Encapsulation,Locomotive,Predator,0.987,63.316,63.321,16,1,1,1,3,1,1,1,1,1,1,1,1,1,1,1,1,1,1,1,5,1,3,2,1,1,1,4,5,1,1,1,5,2,1,Maybe how VR affects our perception about ourselves,1
2024-04-19 14:00:23,2024-04-19 14:13:02,0,71.197.117.216,100,759,1,2024-04-19 14:13:03,R_2Ys8ioMizdfytQL,,,,,39.8068,-121.867,anonymous,EN,78304,3,6,3,3,6,6,6,3,3,6,5,6,6,6,5,6,1,6,6,4,4,6,6,6,6,6,6,6,4,4,4,1,4,4,4,4,4,4,4,4,4,4,7,7,7,7,7,7,7,7,water fountain,paint,rain paint,"waves ",circles and paint,tree,circles ovals,3.982,212.037,212.041,10,3.2,6.8,1,1,1,1,1,1,1,2,1,3,3,1,1,1,1,1,1,1,1,3,1,1,1,3,3,1,1,4,4,1,1,1,apple,"orange ",tree,car,arm,circle,triangles,"square ",red,blue,2.409,62.783,62.793,11,4,5,4,4,4,5,4,4,4,5,5,4,5,4,4,5,5,4,4,5,5,5,4,4,4,4,4,5,4,5,5,4,4,4,"I think this experience is about mindfulness and meditation. ",1
2024-04-18 14:58:44,2024-04-18 15:30:14,0,169.236.78.23,96,1889,0,2024-04-19 15:30:16,R_5soAmFAMYQiO5wK,,,,,,,anonymous,EN,80797,5,5,6,5,5,5,5,5,5,5,6,5,5,2,3,6,3,5,5,5,3,5,5,6,3,5,5,5,4,2,3,2,3,4,4,4,2,4,4,3,4,4,5,6,6,7,6,6,6,5,2 people kissing in the bright middle/2 people separating opposite in green and purple,Sun melting/ the yinyang symbol on the left side/ mountain slope on the right/ planet melting,meteor crashing on mountain/ rocks flying,stairs/ mountain area/ a meteor hitting another big rock,planets in rotation/ grim reaper in the right shadow/ person in middle flying,owl face/ lily pads/ walk way that is very green and broken,insect face/chlorophyll/organs connecting to each other,7.924,697.952,697.958,22,9.1,6,1,2,2,2,3,1,3,2,1,2,3,3,3,2,1,2,3,1,1,2,1,1,2,3,4,2,3,2,3,2,4,1,car,coffee,glass,keyboard,table,tree,newtons law of gravity,sugar,apple,purple,4.088,176.046,176.05,13,4,2,3,3,3,3,4,2,3,3,3,4,3,4,3,3,3,2,3,3,3,4,3,3,4,4,4,3,3,3,2,4,4,2,How people's perception of self changes when they experience a lonely VR experience.,1
2024-04-20 08:01:45,2024-04-20 08:35:35,0,76.158.249.15,100,2030,1,2024-04-20 08:35:36,R_3qJ84anSxmWzhUd,,,,,36.8214,-119.7218,anonymous,EN,83614,1,7,7,1,2,1,7,7,7,7,2,6,5,5,2,7,6,6,2,2,6,6,1,2,1,1,5,6,4,2,3,3,4,2,2,2,1,1,2,3,2,3,2,3,3,2,6,4,3,3,"I see some human heads, and nothing that looks like a face in the bottom right that looks like it is about to eat something. ","I just see a bird flying, with the sun in the background. ","I don't see anything, I just think it's paint smudged on a paper. ","It looks like a floating island, other then that I don't see anything else. ","I see a ship, and it was just missed by a sticky of lighting. ",I see a demon like face at the back. Nothing else really.,"I see a type of bird figure in the middle, like a phenoix. It is standing on a branch or stick.",8.082,347.844,347.852,12,5.5,2,2,3,2,2,1,2,2,1,1,3,3,2,2,2,1,4,1,3,2,1,3,1,2,2,2,3,1,1,2,3,3,2,shoe,dog,tree,grass,house,car,signs,phone,watch,necklace,32.097,147.912,147.919,16,4,2,4,4,2,3,5,2,2,2,1,4,2,2,1,2,2,5,2,3,1,3,2,1,3,3,4,1,5,2,1,4,2,1,"Probably about how people feel after doing vr simulation. Seeing if after doing the simulation if the person feels more connected, or perhaps even less connected because it is a simulation. ",1
2024-04-19 13:46:30,2024-04-19 14:33:57,0,169.236.78.22,96,2846,0,2024-04-20 14:34:02,R_2rClywry4fZJTdc,,,,,,,anonymous,EN,79834,5,6,4,4,6,4,5,5,5,5,6,6,5,6,5,5,5,7,5,6,3,2,4,7,4,4,4,6,3,4,4,3,2,3,4,3,3,3,3,3,3,2,4,6,5,3,5,5,6,5,tech logo,grand canyon,meteor smashing into cliffs,crow flying over the ocean on a foggy day,whale coming out of the waves during a storm,"leaves, jungle, plants","herbs, vegetables",2.116,98.374,98.378,14,1.4,0,2,2,2,4,3,2,3,2,1,2,2,3,2,1,2,3,1,1,2,1,1,1,3,1,1,2,1,1,1,3,2,4,beast,nail,cord,tree,halo,cloud,pencil,rodeo,button,pressure,2.206,61.421,61.426,11,3,3,1,2,1,4,3,2,1,1,1,2,2,2,2,3,3,2,2,3,2,1,4,1,5,5,3,1,2,2,1,3,2,3,Having these multisensory experiences may make a person feel like they have a purpose in life,2
2024-04-19 21:05:10,2024-04-19 21:33:03,0,169.236.78.22,96,1672,0,2024-04-20 21:33:11,R_3QLapg2QGnLqRh5,,,,,,,anonymous,EN,82423,3,5,6,3,3,3,5,6,6,7,3,5,7,6,3,5,5,6,1,1,3,6,3,2,1,3,7,6,2,2,3,2,2,2,2,2,2,3,4,3,4,3,3,4,3,3,5,5,3,3,theres a swirl that right at the bottom that reminds me of the main character from the movie Kick-ass 2. But the whole thing reminds me of the cover from the movie Kick-ass.,"All I can think of at the moment is the song ""Black and yellow"" I'm not sure why. ",I see the side profile of a women. A man (kind of looks like the artist Chino Moreno) as well as the side profile of a baby.,"This reminds me of sadness or like a sad song. ",I see the back of someone's head,I see a heart with a scary face in between.,I see a mosquito,138.867,525.786,525.793,12,5.8,0,4,4,4,4,4,4,4,4,2,2,2,3,3,1,3,3,2,1,1,1,3,3,4,2,2,2,3,3,2,2,2,3,Apple,House,CD,Books,Clown,Poster,Spiderweb,Vampire,Pumpkin,Coffee,1.932,97.275,97.279,15,3,3,4,4,2,2,4,4,5,4,4,5,4,5,4,3,3,1,4,3,4,5,4,1,3,3,4,4,5,4,5,5,4,1,I guess it's about our senses. Or as to how sounds or colors impact our senses or how we may generalize them.,2
2024-04-21 19:09:57,2024-04-21 19:14:21,0,24.10.104.152,100,264,1,2024-04-21 19:14:22,R_3CNkv0gQF9dIKKm,,,,,37.3257,-120.4999,anonymous,EN,86797,4,4,4,4,4,4,4,4,4,4,4,4,4,4,4,4,4,4,4,4,4,4,4,4,4,4,4,4,3,3,3,3,3,3,3,3,3,3,3,3,3,3,4,4,4,4,4,4,4,4,Happiness,Pain,Darkness,World,Space,Mystical Being,Light,3.667,44.377,44.383,9,5,5.1,3,3,3,3,3,3,3,3,3,3,3,3,3,3,3,3,3,3,3,3,3,3,3,3,3,3,3,3,3,3,3,3,Art,Pool,Book,Letter,Fast,Laptop,Ipad,Phone,Nail,"Finger ",0.947,61.126,61.132,16,3,3,3,3,3,3,3,3,3,3,3,3,3,3,3,3,3,3,3,3,3,3,3,3,3,3,3,3,3,3,3,3,3,3,The way a human feels thought the day.,1
2024-04-22 14:22:42,2024-04-22 15:07:59,0,169.236.78.23,100,2717,1,2024-04-22 15:08:01,R_2D7ozYTGvrnXlHL,,,,,37.2972,-120.4639,anonymous,EN,81733,5,5,4,5,5,5,4,5,4,5,5,6,5,5,5,5,3,6,4,4,2,2,4,4,2,4,5,5,3,3,3,2,3,3,3,3,3,3,3,5,3,3,5,5,5,5,5,6,5,6,"I see a colorful vase, as well as a peacock with very vibrant colors. ","It makes me think of Bumblebee the transformer driving during a sunset ","I see a dark, cloudy and thundering night by the countryside ","This reminds me of a wilting dead rose ","I see a bird spreading its wings, moreso a dark bird about to fly into the night ","It reminds me of Greek mythology when the gods claim their half-god half-humans as a symbol is presented above them. This one in particular reminds me of Athena the goddess of wisdom ","It reminds me of the Tree of Life, or Yggdrasill (the tree of life in Asgard) ",98.48,645.937,645.948,21,0,4.2,3,3,3,3,3,3,2,1,1,3,3,3,3,3,2,3,2,1,1,3,3,3,2,3,3,2,2,2,2,1,3,2,Frog,Car,Cloud,"Box ",Rug,Tree,Creek,"Chips ",Rose,Jewelry,1.345,66.07,66.078,12,3,2,3,3,2,5,3,3,3,3,3,3,3,3,3,3,3,3,3,3,1,3,3,1,4,3,1,3,3,3,3,3,1,3,"I really enjoyed looking around the VR experiment as well as seeing what the colors look like or look similar to. ",2
2024-04-23 13:07:16,2024-04-23 14:26:31,0,169.236.78.23,100,4754,1,2024-04-23 14:26:32,R_3gIjUUX2gOMRKjn,,,,,37.2972,-120.4639,anonymous,EN,78310,7,5,5,6,6,6,6,5,6,4,6,7,6,3,4,7,1,6,5,6,4,4,4,7,6,5,6,5,3,3,4,2,2,3,4,4,2,4,4,5,3,3,6,4,6,7,6,6,4,6,a colorful melody of various color happy colors,circles with paint melting down,circles and mountain shapes feels of rainy day,grays like strings and circles,"circles and various brush strokes ","the image just shows different brush strokes ",patches of circles blending together,2832.306,3356.375,3356.384,9,10,0,1,1,1,1,3,1,1,1,1,4,4,2,2,3,1,1,3,1,1,4,1,1,1,3,2,1,1,2,4,1,1,1,Ocean,Love,Chair,Piano,Music,"Table ",Spoon,Plate,backpack,apple,1.689,66.854,66.858,19,1,2,2,2,1,3,1,1,3,1,1,2,1,2,1,1,2,2,3,1,2,1,2,3,1,2,2,3,2,1,1,1,4,5,"This experiment likely involves creating a highly engaging and realistic virtual environment that fully absorbs participants' senses, potentially for entertainment, education, or therapeutic purposes.",2
2024-04-24 13:31:39,2024-04-24 13:47:31,0,169.236.78.23,100,952,1,2024-04-24 13:47:32,R_2yjA0ZHqH1dtovw,,,,,37.2972,-120.4639,anonymous,EN,78802,5,6,3,5,5,4,5,5,3,6,3,3,3,5,4,6,2,6,6,3,2,3,5,3,4,5,5,5,3,4,3,2,2,4,3,3,3,3,3,3,3,3,5,6,6,6,7,6,5,6,"rainbow, friendly, children, energetic","bee, happiness and darkness, ","strike, error, punishment","black bird, swan, big wings, mockingjay","volcano, magma, uncertainty","villain, alien, evil, possesive","green alien, evil, controlling",4.589,128,128.012,12,8.4,5.7,2,2,1,1,3,1,3,3,1,2,2,3,3,2,2,3,2,1,1,2,1,2,2,2,2,2,1,2,1,2,1,1,dictionary,wizard,wish,pasta,dog,boat,text,dolphin,sun,hurdle,2.84,79.596,79.604,11,3,4,4,2,1,3,3,1,2,1,1,1,2,2,1,2,3,3,4,3,3,4,3,4,1,4,2,4,3,3,2,4,2,2,the emotion of awe and how it make us feel small and part of a bigger universe.,1
2024-04-24 16:30:01,2024-04-24 16:43:29,0,169.236.78.20,100,807,1,2024-04-24 16:43:30,R_6IYUiRl0Zh96hqe,,,,,37.2972,-120.4639,anonymous,EN,84286,1,6,6,3,5,3,6,4,6,3,5,6,6,7,7,5,1,6,5,7,4,3,4,7,6,7,7,7,3,4,4,2,2,2,3,2,3,3,3,4,2,4,4,5,6,6,6,4,6,4,"Many beings being able to become one and many ","I get the sense of feeling of two polar opposite beings crashing into one another, and not being able to coexist with each other ","Two opposing forces crashing but becoming one ","A sense of fluidity but sadness ","Sadness, and depression","A being looking back at me with anger ","This reminds me of nature ",1.376,111.794,111.812,8,1.7,3.3,1,3,3,2,2,1,2,3,1,4,4,2,1,3,1,1,3,2,1,2,2,2,1,3,4,1,2,3,3,2,3,1,Mom,Him,Her,It,They,Blue,Space,Cup,Them,She,2.381,60.859,60.876,12,5,5,5,4,3,4,2,4,4,3,3,5,5,4,5,5,4,3,4,3,5,4,3,4,4,4,5,2,4,5,4,5,5,5,"About my personal view of my own life. Also to gasp how I view the world around me. ",1
2024-04-24 16:15:34,2024-04-24 16:57:47,0,169.236.78.22,100,2532,1,2024-04-24 16:57:48,R_8zUghaHUUc10KIm,,,,,37.2972,-120.4639,anonymous,EN,84352,6,6,6,7,6,7,6,6,7,2,5,6,5,3,7,6,1,7,7,6,1,1,7,7,7,7,6,7,4,3,3,4,2,4,4,4,4,4,3,4,3,4,6,7,6,6,6,6,6,7,I think this image represents growth and hope because of how colorful it is.,I can see the sunrise/sunset before or after it gets dark.,"Grief, pain, loss, assasination. Due to how dark the color black is.",A big wave (tsunami bringing destruction).,I can see destruction. It looks like an earthquake or demolition.,"It looks like the Goblin, the one from Spider-Man. It could also be a chemical reaction.",All I see here are green beans,11.882,1040.454,1040.461,10,4,2,1,1,1,1,2,1,2,1,1,4,4,2,2,3,1,1,4,1,2,3,1,2,1,3,3,1,1,2,3,1,3,1,car,headphones,mango,blue,grass,kayak,frame,ball,protest,january,1.262,179.842,180.004,12,1,1,1,2,1,1,2,4,1,1,2,1,1,2,1,1,1,4,1,2,2,3,1,3,2,3,1,3,1,1,1,3,1,2,I think this experiment is about mystical beliefs.,1
2024-04-24 19:14:47,2024-04-24 19:24:48,0,73.235.205.254,96,600,0,2024-04-25 19:24:50,R_1QPorpfUxWQmg8B,,,,,,,anonymous,EN,81772,5,7,7,5,6,5,7,7,7,5,6,7,7,7,7,7,5,5,5,3,5,6,5,5,3,3,3,5,4,4,3,4,2,3,3,3,4,3,4,3,3,2,5,5,2,6,6,5,5,5,Something is magically causing a bunch of paint to rise from the ground,A sunlit valley overlooking the void,A jungle canopy being struck by an asteroid falling from space,A floating island with waterfalls cascading off its edge,A water spout striking the ocean with planets being caught in its pull,"As before, a divine nature goddess. Maybe an elf",A one-eyed bird staring with a menacing gaze,1.762,126.394,126.398,12,0,6,3,3,4,4,4,3,3,2,2,2,2,4,2,3,1,2,3,1,2,2,2,1,1,2,3,3,1,3,1,1,1,2,technology,nature,humanity,animals,progress,stagnation,temporary,everlasting,god,men,0.861,60.99,60.993,11,2,4,5,4,3,4,5,3,5,1,4,5,5,4,4,5,5,5,3,5,4,3,5,5,3,3,1,4,3,5,2,5,3,5,I would guess this is looking at therapy applications of LSD? A lot of the questions I recognized from psychology screenings.,1
2024-04-26 13:47:10,2024-04-26 14:01:55,0,169.236.78.21,100,885,1,2024-04-26 14:01:56,R_5Hw4LRuviK4D9U1,,,,,37.2972,-120.4639,anonymous,EN,82123,3,7,7,4,3,2,7,7,6,6,7,7,7,6,6,7,3,7,4,4,2,2,4,4,4,4,7,6,4,4,4,4,4,4,4,4,3,4,3,4,5,3,4,6,6,4,6,6,5,4,I see an explosion of paint (without their cans) across a white wall,I see a sun gaping between two mountains meeting each other,"I see a landscape of mountains ",I see a splashing wave hitting a rock on a beach at night,I see hollow circles surrounding grainy branches (like from a tree),I also see a microscopic view of a leaf,"I see a microscopic view of a leaf, almost as if you were looking through a microsope",4.366,169.042,169.05,9,8.5,5.1,1,2,2,1,3,2,4,2,1,4,4,1,1,4,1,2,3,1,1,2,2,1,3,4,4,1,1,4,3,1,2,1,red,tree,shoulder,fish,water,pole,metal,bed,saw,quilt,2.203,61.599,61.609,15,3,5,5,4,3,3,5,2,2,3,3,5,2,2,2,5,4,5,5,5,5,3,3,4,5,4,5,3,5,4,3,4,4,3,I think this experiment might be about how different people may conceptualize mystical experiences through their senses and cognition,1
2024-04-26 13:58:48,2024-04-26 14:18:36,0,169.236.78.22,100,1187,1,2024-04-26 14:18:37,R_52HPNNAg0llzTRT,,,,,37.2972,-120.4639,anonymous,EN,86890,1,6,7,1,1,1,6,6,6,6,6,5,5,7,6,5,7,3,3,1,5,5,1,2,1,1,6,2,2,3,3,4,2,3,4,2,1,4,2,1,3,2,1,2,3,4,6,5,1,7,summer,summer,volcanic eruption,"limbo, like space between",limbo,phyrexian,phyrexian,2.853,114.375,114.419,10,2.2,1.2,3,3,2,1,4,1,4,1,2,4,3,1,2,3,1,1,3,1,3,3,1,1,1,3,3,1,1,3,2,1,1,2,person,octopus,orange,rock,emotion,summer,mushroom,tree,river,sly,1.983,75.762,75.792,11,3,2,3,5,1,2,4,1,1,2,1,4,3,3,1,1,3,5,3,4,1,3,2,1,3,3,1,4,3,1,1,4,4,1,some sort of connection between VR and out-of-body or spiritual experiences,2
2024-04-26 06:36:20,2024-04-26 06:48:54,0,104.222.30.98,96,754,0,2024-04-27 06:48:56,R_34OxAfRJ7rBREOZ,,,,,,,anonymous,EN,78766,6,6,5,6,6,5,6,6,6,5,6,5,7,5,5,7,3,7,3,3,5,2,5,3,7,6,6,5,3,3,2,3,1,2,2,2,3,2,3,4,2,3,6,7,6,7,6,7,6,6,"Colorful artifact ","The sun above everything else ",Black dress,"Powder breaking ","The Planets ","Green plant expanding ",,7.425,108.411,108.417,8,8,2.5,2,2,3,3,2,3,2,2,1,2,2,2,2,2,2,3,3,2,2,2,2,2,2,2,3,3,2,2,2,2,3,1,food,cars,keyboard,earbuds,books,bags,jewelry,watch,paint,phone,2.357,81.01,81.014,16,2,2,1,4,1,1,2,1,1,1,1,3,1,3,2,1,2,2,2,2,1,2,2,1,1,3,1,4,2,1,2,3,1,2,How virtual reality opens one's mind and perception in terms of what they feel as one person on Earth,2
2024-04-26 13:42:34,2024-04-26 13:54:05,0,76.158.219.108,96,690,0,2024-04-27 13:54:07,R_5jdN1bLkALdt68n,,,,,,,anonymous,EN,,4,7,7,6,4,4,6,7,7,7,6,5,7,7,5,7,4,4,4,5,4,4,6,7,7,7,6,7,4,4,3,5,4,5,3,5,4,5,3,3,5,4,6,6,6,6,6,6,5,4,When I see this image I think of a family tree or a peacock,I see the sun and a desert,"I see mountains , it reminds me of Muscat from Star Wars","I see a dove flying and snow in the back ground ",I see whales splashing the ocean and the moon,"I see vines, leaves, hearts, almost like finger patining","I see vines , I also see almost like an octopus ",5.317,136.635,136.653,9,0,8.2,1,1,1,3,2,2,1,4,1,4,3,1,1,3,1,1,2,1,1,4,1,1,2,4,4,1,1,3,3,1,1,1,Cup,Glass,Car,Bin,Chair,Shoe,Drawer,Mirror,Cardstock,Pillow,0.59,61.349,61.363,12,5,2,1,5,4,5,3,4,5,3,4,5,1,5,5,5,5,5,4,5,1,5,5,3,5,1,5,4,4,2,5,5,3,4,"This experiment was interesting and fun to do ",1
2024-04-27 20:07:59,2024-04-28 00:16:09,0,104.60.236.174,100,14890,1,2024-04-28 00:16:10,R_22ihf4zpRD3hYxZ,,,,,37.3257,-120.4999,anonymous,EN,86821,3,5,5,5,4,4,5,5,5,5,4,5,5,5,5,5,3,5,5,5,2,3,5,4,3,4,4,5,4,3,3,3,3,3,3,3,4,3,3,4,3,3,4,5,5,5,6,4,5,5,"Hot air balloon-esque colors, with very soft shapes that are flowing","The yellow and black colors immediately reminded me of a bee, and the shapes are nondescript","Dark and grim imaging, with grayscale colors shown",strange swirl in the center sort of reminds me of feathers,"Dark circular shapes, giving feminine energy from the ideas shown","A green mask, with symmetrical markings indicating some sort of figure",Tree-like colors along with veins branching out similar to that of a tree,1.418,114.436,114.44,11,4,1.2,1,2,2,2,2,2,2,1,1,2,2,2,1,2,1,2,2,1,1,2,1,1,2,2,2,1,1,2,2,2,2,2,thoughts,panda,religion,dust,bread,snow,tendon,concrete,photon,reflection,0.735,115.801,115.805,2,3,2,2,2,1,3,2,2,2,1,2,3,2,2,2,2,1,2,2,3,3,2,3,3,2,3,2,3,2,2,2,2,1,4,Seeing whether surreal ideas and things pertaining to hallucinogens can induce a sense of awe and togetherness with nature and the world.,2
2024-04-29 09:57:18,2024-04-29 10:05:39,0,169.236.78.23,100,501,1,2024-04-29 10:05:40,R_1oXxlPl8H7ifUC7,,,,,37.2972,-120.4639,anonymous,EN,,7,7,7,6,7,4,7,7,6,4,6,5,7,6,6,6,7,7,7,6,5,4,7,6,7,6,6,4,3,5,3,3,4,3,3,4,4,3,4,4,4,3,6,6,5,6,5,5,5,6,"Art ",War,Attack,Sadness,"Sorrow ",Chaos,Evil,7.271,64.971,64.975,13,6.2,6.7,2,2,2,3,2,3,3,3,2,3,4,4,4,4,4,3,3,3,3,3,4,4,4,3,1,4,3,2,2,2,3,3,Cody,Eric,Boba,Computer,Las Vegas,Taiwan,Japan,Thailand,Vietnam,China,2.667,68.682,68.687,21,4,2,5,2,4,4,4,2,3,2,3,3,2,3,4,2,3,4,4,3,3,4,3,4,4,2,3,4,3,4,4,5,3,3,VR,1
2024-04-29 12:21:13,2024-04-29 12:41:55,0,169.236.78.25,100,1241,1,2024-04-29 12:41:56,R_7PBoXestyn81IB2,,,,,37.2972,-120.4639,anonymous,EN,78811,4,6,6,5,6,5,6,5,6,4,4,7,7,6,5,7,3,6,4,4,3,4,4,5,4,4,5,4,4,4,3,4,2,4,4,4,4,4,3,4,3,3,6,6,5,6,6,6,5,6,This reminds me of brainstorming ideas and being in a good zone of creativity and passion,"I see a valley with a sun at the top middle-left ",I see a dark mountain trail or a silhouette of a mountain side profile,"I see a strong foundation. Though it is dripping and splattered, it is solid at its center ",I see serenity and calmness,"I see an animals face. I'm not sure what animal, maybe a hog. But it looks intimidating and serious","this reminds me of when you mix paint with water, and the paint expands and creates different shapes and movement in the water",5.991,360.559,360.565,17,5.5,4,3,2,4,3,4,3,4,2,2,3,3,2,2,3,1,3,2,1,1,2,1,1,2,3,2,2,3,3,3,2,2,1,Phone,Hand,Light,Cat,car,Apple,Shoe,Sun,Planet,Computer,2.276,63.24,63.246,11,5,5,4,4,3,5,5,4,3,3,4,5,2,5,4,5,5,5,5,5,5,5,5,5,4,5,5,5,5,5,5,5,4,5,It's about whether or not people can have an existential view based on there own mystical and meaningful experiences. I think the VR session was used to enhance a feeling of meaning or existentialism,2
2024-04-29 12:58:15,2024-04-29 13:14:48,0,169.236.78.23,100,993,1,2024-04-29 13:14:49,R_5KJv1fUaJ13Ytv3,,,,,37.2972,-120.4639,anonymous,EN,85690,4,6,5,4,5,4,5,5,5,4,6,5,5,6,5,6,6,6,6,6,4,3,5,5,6,6,5,6,3,3,3,3,3,3,3,3,3,3,3,4,2,3,4,6,6,5,5,6,6,6,I see a diverse mix of colors showing inclusivity.,I see the colors mixing with each other which screams destruction to me.,I see two people trying to hold each others hands and help each other while some external force is trying to separate them.,This seems to represent the end of humanity with everything collapsing and an alien like figure in the top right watching it occur.,I see a ship sailing during a heavy storm .,I see all the veins of the leaves connected which represents how humanity is connected.,"I see a person like figure in the right trying to hold onto life, but is being taken away by the forces of death",6.053,343.345,343.352,10,2.5,2.3,2,2,3,2,2,1,3,1,1,3,3,2,2,3,2,2,3,2,1,2,1,1,2,1,2,2,2,2,2,2,3,1,book,number,computer,ocean,planet,forest,rock,medicine,lotion,homework,3.173,85.91,85.917,11,2,1,3,3,1,2,3,3,2,1,3,3,2,3,1,2,1,3,2,3,2,2,1,1,2,2,1,3,3,4,3,3,3,2,I think its about whether we felt more connected to everyone else with the manipulation of the vr study. The purpose seems similar to the awe study by Shiota et al,1
2024-04-30 11:31:26,2024-04-30 14:13:59,0,169.236.78.22,100,9752,1,2024-04-30 14:14:01,R_6sdlrr9QdT7grX0,,,,,37.2972,-120.4639,anonymous,EN,86200,2,6,6,2,2,2,5,6,5,6,6,3,5,5,5,5,7,3,3,2,5,6,2,2,1,2,5,3,2,1,2,3,1,2,1,1,3,1,2,3,1,2,3,5,3,5,5,3,3,4,rain,storm,mountains,bird,ocean,forest,tree,2.473,65.406,65.421,9,2.2,4,4,4,4,4,4,4,4,4,1,2,1,3,3,2,2,4,1,1,2,1,3,3,3,2,2,3,3,1,1,3,1,3,dog,tree,chair,bike,projector,phone,cat,grass,boat,microwave,1.587,50.02,1277.972,15,3,2,3,3,1,2,4,2,2,1,2,4,4,1,3,4,2,4,3,3,2,3,4,3,2,2,2,2,2,2,2,3,3,3,I don't know.,1
2024-04-30 14:11:45,2024-04-30 15:00:50,0,169.236.78.22,100,2944,1,2024-04-30 15:00:51,R_5CfC9fZEqgTdt3m,,,,,37.2972,-120.4639,anonymous,EN,85564,6,2,6,6,6,6,2,3,6,2,6,6,6,1,6,6,2,6,6,2,2,2,6,5,6,5,7,3,3,3,3,1,1,3,4,2,4,2,3,2,1,1,6,5,5,6,6,5,6,5,"water drops being splashed ","looks like the sun and mountains being dissolve ","raining or like an explosion ","looks like feeders (there's also more small circles) ","waves and circles being dropped aggressively ","I see heart that connect one another ","more like water being splashed (circle) ",130.721,483.895,483.9,14,10,2,1,1,2,1,1,3,1,1,1,2,2,2,1,1,1,1,2,1,1,1,1,2,2,2,2,1,1,1,2,1,2,1,"homework ","computer ",car,"water ","hair ",gym,day,food,"hungry ",tv,2.207,73.032,73.043,14,4,4,2,2,4,4,4,4,2,4,4,4,1,4,2,2,4,4,4,4,2,2,4,3,2,4,4,2,3,4,4,2,2,4,"self, emotions ",1
2024-04-30 14:59:25,2024-04-30 15:22:28,0,169.236.78.22,100,1382,1,2024-04-30 15:22:29,R_6C2XDwoKzZIAgkd,,,,,37.2972,-120.4639,anonymous,EN,86389,5,6,6,3,5,3,6,6,6,5,5,5,4,4,6,5,5,6,4,3,4,5,4,5,3,4,5,4,3,2,3,2,3,3,3,3,3,3,3,2,2,2,3,4,3,5,3,4,4,5,multiple colors sprouting from the ground,yellow and black mixing yet repellant like oil and water,I see a black waterfall perpendicular to a black river,a black pheonix shaped figure,a shot of black water shooting on a flat black lake,a symmetrical green being,Resembles the growth of a green plant,154.835,393.15,393.153,9,9,2.5,2,2,4,3,3,2,3,3,2,4,3,3,3,2,2,3,3,2,3,2,2,2,4,3,3,2,3,3,4,2,2,2,card,bed,shirt,lightbulb,dog,"cat ",bear,"fish ",scooter,spoon,1.759,62.568,62.57,11,2,1,4,2,2,3,3,1,3,1,2,4,2,1,1,3,3,2,3,2,3,2,4,1,1,1,1,3,4,4,1,2,2,1,It was to evaluate my thoughts and emotions.,2
2024-05-01 12:42:43,2024-05-01 13:04:45,0,169.236.78.20,100,1321,1,2024-05-01 13:04:46,R_5EnAlGYyAtfQdap,,,,,37.2972,-120.4639,anonymous,EN,78601,3,6,5,6,6,3,3,6,6,2,6,6,6,6,6,2,2,6,6,6,2,2,6,6,6,2,6,6,4,4,3,4,3,4,4,4,4,3,4,4,3,4,6,6,6,6,6,6,6,6,"I think of happiness when looking at this image. It looks like an hot air-balloon. It's so colorful so it seems cheerful, almost like a lot of emotions coming together. r.  ","I can think of this image as two emotions coming together and classing with one another. ","It reminds of negative valanced emotions, such as sadness, pain, grief. ","I see mountains.  ","These remind me of fluidity. The cosmos/galaxies, it kinda looks like planets crashing together. ","I think of earth, specifically earth. It reminds of trees, leafs, aquatic plants, due to it's transparency and the detailing of the lines. ","This one continues to remind of neurons. It looks like the axons and the cell bodies of a neuron. What I see here is a bunch of connections. ",9.796,422.995,423,21,6.1,5,1,1,3,2,3,1,3,3,1,2,2,2,2,2,1,1,2,1,1,2,1,1,1,2,2,2,1,1,2,1,2,1,"Sun ","Clock ",Tree,"Book ","Weights ","Bike ","Life ",Rocks,Water,Music,1.223,108.478,108.481,15,2,3,3,3,1,3,2,3,3,3,3,3,2,3,3,3,3,3,3,3,2,3,3,2,3,3,3,3,3,3,3,3,1,5,"How connected/mindful people feel with the world. ",2
2024-05-01 22:39:38,2024-05-01 22:58:19,0,107.141.77.218,100,1120,1,2024-05-01 22:58:20,R_7jVsK4yFntrPNYi,,,,,37.3257,-120.4999,anonymous,EN,83512,7,7,7,7,7,7,7,7,7,1,7,7,7,7,7,7,2,7,7,4,1,6,7,4,7,7,7,6,4,3,4,4,3,5,4,4,4,4,5,4,3,3,7,6,5,6,7,2,6,7,rainbow cloud,hot summer ash,volcanic eruption,swirl of water,water vortex,green symmetrical monster,"plant cell ",1.981,83.446,83.449,9,2,1,2,1,1,1,3,1,2,1,1,4,4,1,2,3,1,4,3,1,1,3,2,1,1,3,3,3,1,2,2,1,3,1,keyboard,medicine,coaster,pencil,bottle,speaker,sunglasses,keys,eyedrops,bed,0.908,65.856,65.858,6,4,1,4,4,4,5,3,5,4,4,4,3,4,4,5,4,3,5,4,4,3,1,4,3,4,2,5,2,4,4,3,4,4,5,effects of virtual reality on a person's sense of reality and interactions with others,1
2024-05-02 14:40:46,2024-05-02 14:52:12,0,73.151.182.27,100,685,1,2024-05-02 14:52:13,R_220BpsMUsCh6w7L,,,,,37.3472,-120.6039,anonymous,EN,84391,5,5,6,6,4,4,6,7,5,5,7,5,6,5,6,7,4,7,6,4,3,3,6,5,7,6,6,6,5,3,2,4,2,4,4,3,4,2,3,4,4,3,5,7,6,5,6,6,7,5,as if a rainbow fell down.,a squashed bubble bee,"I see and water fall and a bridge going across. ","a droplet of water hitting the floor. ",I see Circes and an upside down mushroom.,"something malicious, evil ",circles,5.453,123.296,123.307,11,5.5,4.3,3,3,4,3,3,2,4,2,2,3,2,2,1,2,1,1,2,1,1,2,3,3,1,1,2,2,1,2,1,1,2,3,"bottle ",baby,"goat ",sock,"Disneyland ",caterpillar,"butterfly ","dolphin ","shark ",hair,0.885,61.718,61.726,14,2,5,4,4,3,3,5,1,3,4,3,5,2,2,1,4,4,5,4,4,1,2,3,5,5,5,5,3,4,5,3,4,4,3,peoples senses,2
2024-05-01 16:13:21,2024-05-01 16:23:02,0,169.236.78.23,92,581,0,2024-05-02 16:23:05,R_7IzSxBq0lnKcbvt,,,,,,,anonymous,EN,86875,5,5,5,6,6,5,5,3,3,5,3,6,5,7,5,4,3,5,3,3,5,5,5,5,6,5,2,5,4,3,3,2,3,2,2,3,3,3,3,4,4,4,4,4,5,3,6,5,5,3,All the colors coming to an end to combine as on,"I see a valley that is touched by son but has a dark aura underneath ",This looks like something is crashing into a mountain and it's splintered off because of speed,"I see a set of feathers connecting to the body of a butterfly running away from something ",I see pants being sucked into black holes and new waves coming out of it,"A mirrored image of a face of sorts ",A person stepping on me with an angry but happy face,8.776,172.192,172.205,8,2.4,3.9,2,2,4,3,3,3,2,4,1,3,2,2,2,3,1,3,2,1,3,2,3,2,3,2,3,4,2,2,2,1,3,2,Trapped,Tree,Emotion,Loss,Peace,Time,Tingles,Squished,Honey,Block,1.326,61.844,61.854,11,4,2,4,4,3,4,2,5,3,2,4,3,4,5,5,4,2,4,4,3,5,4,4,2,4,5,4,4,4,5,5,4,4,2,"I like the chance to step outside of the body of reality it was pretty peaceful ",2
2024-05-02 15:06:56,2024-05-02 15:26:41,0,169.236.78.25,96,1185,0,2024-05-03 15:26:47,R_7aP5aRt1IS5c9on,,,,,,,anonymous,EN,76609,5,7,7,5,5,4,7,7,7,7,6,3,7,3,6,6,7,6,3,3,7,7,3,7,5,5,6,6,3,2,3,5,2,2,2,3,3,3,2,3,5,2,5,6,5,6,6,6,6,3,Imagination,A yellow desert with black ink accents,Black ink resembling a mountain range and sky,A black whirlpool,Black ocean waves and Black planets,An intricate green flower,a green asymetrical flower,5.999,182.057,182.064,11,3.5,7,2,2,4,1,1,3,4,4,2,2,2,3,3,2,4,4,1,1,2,2,3,4,2,1,1,2,3,2,2,2,2,4,Music,Food,Train,Bed,Animal,Tree,Water,Computer,Face,Shoe,0.884,123.455,123.46,33,5,5,5,4,3,4,5,5,4,3,5,5,4,3,2,5,5,4,4,5,4,4,5,5,3,5,5,3,5,5,5,5,4,4,A simulation of a euphoria or ego death. Utilizing VR to simulate an experience similar to that of psychedelics.,1
2024-05-03 22:09:14,2024-05-03 22:17:55,0,73.90.44.183,96,521,0,2024-05-04 22:17:57,R_5PwfOvBN9r9vTFa,,,,,,,anonymous,EN,86071,7,2,2,7,7,7,2,2,2,1,7,7,7,3,7,7,1,7,7,7,2,1,7,6,7,7,7,7,5,5,4,4,5,5,5,5,5,5,5,5,5,5,7,7,7,7,7,7,7,7,Ballons and freedom of reality,sun- light in dark times Jesus,pure darkness and sad,darkness hidden with happiness,"dots, fun, dark, interesting","fish tails, leaves on trees","frogs, insects, animals",3.765,98.48,98.484,10,0,1.3,1,1,1,1,1,1,2,1,1,4,4,2,2,3,2,2,4,2,1,4,1,2,2,4,4,1,2,3,4,1,4,1,God,rainbow,light,darkness,tremble,calm,peace,happiness,love,joy,1.5,62.936,62.938,11,3,3,2,4,4,4,4,4,4,3,3,3,3,4,4,3,4,4,4,4,4,5,4,4,4,3,4,4,4,4,4,4,3,4,"how my brain processes things within different conditions/music/vibrations ",1
2024-05-05 16:43:09,2024-05-06 11:19:15,0,169.236.78.24,96,66965,0,2024-05-07 11:19:20,R_1eUXyITkyyOi3fk,,,,,,,anonymous,EN,84295,5,7,7,6,7,5,7,6,5,5,3,5,5,7,5,6,5,4,5,3,2,5,5,6,1,3,5,5,2,4,2,3,1,1,3,3,3,3,3,3,2,3,6,6,5,6,6,5,7,6,"graceful dripping of paint. ","dots, merging of two worlds, collapse","smoke, ink dripping, water color","the idea of a dead bird rolling down a mountain. Or similar to the streak movie, when Fiona sings and a bird explodes.",rising of objects into an order.,"paint, smoke, magic","roots, ink, fibers",3.376,1067.748,1067.762,9,8,3,1,1,3,2,2,2,4,1,1,1,2,3,3,1,1,4,1,2,1,3,3,1,2,1,1,4,1,1,1,1,2,2,cat,curtain,field,soil,"momentum ",boat,shelter,pot,ocean,toenail,1.212,168.844,168.847,15,2,5,3,3,1,5,4,4,1,1,2,3,2,5,3,3,3,5,4,5,1,3,4,5,3,4,2,5,2,5,2,3,1,5,"This experiment can be about imagination, synesthesia, well-being being affected by how our imagination/creativity is explored",2
